indicatorId,geoUnit,year,value,qualifier,magnitude
26604,ABW,2003,0,,NIL
26604,ABW,2006,0,,NIL
26604,ABW,2009,0,,NIL
26604,ABW,2010,0,,NIL
26604,ABW,2011,0,,NIL
26604,ABW,2012,0,,NIL
26604,ABW,2013,2,,
26604,ABW,2014,2,,
26604,ABW,2015,1,,
26604,ABW,2016,0,,NIL
26604,AFG,2009,0,,NIL
26604,AFG,2014,0,,NIL
26604,AFG,2020,0,,NIL
26604,AIA,2003,0,,NIL
26604,AIA,2006,0,,NIL
26604,AIA,2007,0,,NIL
26604,AIA,2008,0,,NIL
26604,ALB,2000,0,,NIL
26604,ALB,2003,0,,NIL
26604,ALB,2004,0,,NIL
26604,ALB,2018,0,,NIL
26604,ALB,2019,0,,NIL
26604,ALB,2020,0,,NIL
26604,ALB,2021,0,,NIL
26604,ALB,2022,0,,NIL
26604,ALB,2023,0,,NIL
26604,ALB,2024,0,,NIL
26604,AND,2002,0,,NIL
26604,AND,2013,0,,NIL
26604,AND,2015,0,,NIL
26604,AND,2016,2,,
26604,AND,2017,1,,
26604,AND,2018,2,,
26604,AND,2019,2,,
26604,AND,2020,1,,
26604,AND,2021,0,,NIL
26604,AND,2023,3,,
26604,AND,2024,4,,
26604,ARE,2011,331,,
26604,ARE,2012,286,,
26604,ARG,2000,0,,NIL
26604,ARG,2016,110,,
26604,ARG,2017,131,,
26604,ARG,2018,148,,
26604,ARG,2019,148,,
26604,ARG,2020,135,,
26604,ARG,2021,145,,
26604,ARG,2022,123,,
26604,ARG,2023,185,,
26604,ARM,2003,290,,
26604,ARM,2004,662,,
26604,ARM,2005,477,,
26604,ARM,2006,680,,
26604,ARM,2007,828,,
26604,ARM,2008,967,,
26604,ARM,2009,1331,,
26604,ARM,2010,1175,,
26604,ARM,2011,1140,,
26604,ARM,2012,1062,,
26604,ARM,2013,903,,
26604,ARM,2014,1277,,
26604,ARM,2015,1140,,
26604,ARM,2016,1268,,
26604,ARM,2017,1357,,
26604,ARM,2018,1255,,
26604,ARM,2019,1421,,
26604,ARM,2020,1283,,
26604,ARM,2021,1782,,
26604,ARM,2022,2082,,
26604,ARM,2023,1923,,
26604,ARM,2024,2761,,
26604,ASM,2007,0,,NIL
26604,ATG,2009,0,,NIL
26604,ATG,2010,0,,NIL
26604,ATG,2011,0,,NIL
26604,ATG,2012,0,,NIL
26604,AUS,2000,207,,
26604,AUS,2002,599,,
26604,AUS,2003,661,,
26604,AUS,2004,476,,
26604,AUS,2005,447,,
26604,AUS,2006,442,,
26604,AUS,2007,530,,
26604,AUS,2008,618,,
26604,AUS,2009,764,,
26604,AUS,2010,846,,
26604,AUS,2011,889,,
26604,AUS,2012,897,,
26604,AUS,2013,968,,
26604,AUS,2014,1028,,
26604,AUS,2015,880,,
26604,AUS,2016,859,,
26604,AUS,2017,737,,
26604,AUS,2018,796,,
26604,AUS,2019,708,,
26604,AUS,2020,590,,
26604,AUS,2021,473,,
26604,AUS,2022,477,,
26604,AUS,2023,589,,
26604,AUS,2024,683,,
26604,AUT,2000,300,,
26604,AUT,2001,341,,
26604,AUT,2002,263,,
26604,AUT,2003,278,,
26604,AUT,2004,338,,
26604,AUT,2006,418,,
26604,AUT,2007,522,,
26604,AUT,2008,587.5,,
26604,AUT,2009,753,,
26604,AUT,2010,858,,
26604,AUT,2011,975,,
26604,AUT,2012,754,,
26604,AUT,2013,1003.666687011719,,
26604,AUT,2014,939.173583984375,,
26604,AUT,2015,1128.004028320313,,
26604,AUT,2016,1257.006103515625,,
26604,AUT,2017,1389.966674804688,,
26604,AUT,2018,1447.449951171875,,
26604,AUT,2019,1479.247924804688,,
26604,AUT,2020,1538.8955078125,,
26604,AUT,2021,1674.37158203125,,
26604,AUT,2022,1792.999389648438,,
26604,AUT,2023,1949.85498046875,,
26604,AUT,2024,2345.48486328125,,
26604,AZE,2006,171,,
26604,AZE,2007,150,,
26604,AZE,2008,158,,
26604,AZE,2009,224,,
26604,AZE,2010,263,,
26604,AZE,2011,221,,
26604,AZE,2012,177,,
26604,AZE,2013,232,,
26604,AZE,2014,213,,
26604,AZE,2015,270,,
26604,AZE,2016,306,,
26604,AZE,2017,441,,
26604,AZE,2018,593,,
26604,AZE,2019,522,,
26604,AZE,2020,481,,
26604,AZE,2021,428,,
26604,AZE,2022,477,,
26604,AZE,2023,451,,
26604,AZE,2024,618,,
26604,BDI,2000,0,,NIL
26604,BDI,2002,0,,NIL
26604,BDI,2010,0,,NIL
26604,BDI,2013,0,,NIL
26604,BDI,2015,0,,NIL
26604,BDI,2016,0,,NIL
26604,BDI,2017,0,,NIL
26604,BDI,2018,0,,NIL
26604,BDI,2023,0,,NIL
26604,BDI,2025,0,,NIL
26604,BEL,2000,143,,
26604,BEL,2001,200,,
26604,BEL,2002,271,,
26604,BEL,2003,285,,
26604,BEL,2004,0,,NIL
26604,BEL,2005,89,,
26604,BEL,2006,73,,
26604,BEL,2007,132,,
26604,BEL,2008,14,,
26604,BEL,2009,152,,
26604,BEL,2010,188,,
26604,BEL,2011,244,,
26604,BEL,2012,244,,
26604,BEL,2013,273,,
26604,BEL,2014,264,,
26604,BEL,2015,213,,
26604,BEL,2016,287,,
26604,BEL,2017,302,,
26604,BEL,2018,180,,
26604,BEL,2019,43,,
26604,BEL,2020,302,,
26604,BEL,2021,316,,
26604,BEL,2022,312,,
26604,BEL,2023,284,,
26604,BEN,2014,0,,NIL
26604,BEN,2015,0,,NIL
26604,BEN,2016,0,,NIL
26604,BEN,2017,0,,NIL
26604,BEN,2018,0,,NIL
26604,BEN,2019,1,,
26604,BEN,2020,0,,NIL
26604,BEN,2021,0,,NIL
26604,BEN,2022,0,,NIL
26604,BFA,2019,0,,NIL
26604,BFA,2020,0,,NIL
26604,BFA,2021,0,,NIL
26604,BFA,2022,0,,NIL
26604,BFA,2023,0,,NIL
26604,BFA,2024,0,,NIL
26604,BGR,2000,80,,
26604,BGR,2001,67,,
26604,BGR,2003,127,,
26604,BGR,2004,112,,
26604,BGR,2005,88,,
26604,BGR,2006,93,,
26604,BGR,2007,126,,
26604,BGR,2008,142,,
26604,BGR,2009,163,,
26604,BGR,2010,200,,
26604,BGR,2011,219,,
26604,BGR,2012,235,,
26604,BGR,2013,255,,
26604,BGR,2014,269,,
26604,BGR,2015,288,,
26604,BGR,2016,301,,
26604,BGR,2017,283,,
26604,BGR,2018,309,,
26604,BGR,2019,315,,
26604,BGR,2020,316,,
26604,BGR,2021,312,,
26604,BGR,2022,335,,
26604,BGR,2023,325,,
26604,BGR,2024,264,,
26604,BHR,2003,1,,
26604,BHR,2005,0,,NIL
26604,BHR,2006,0,,NIL
26604,BHR,2014,1,,
26604,BHR,2015,2,,
26604,BHR,2016,3,,
26604,BHR,2017,5,,
26604,BHR,2018,3,,
26604,BHR,2019,3,,
26604,BHR,2020,5,,
26604,BHR,2021,4,,
26604,BHR,2022,3,,
26604,BHR,2023,3,,
26604,BHR,2024,4,,
26604,BIH,2013,4,,
26604,BIH,2014,4,,
26604,BIH,2015,6,,
26604,BIH,2016,6,,
26604,BIH,2017,4,,
26604,BIH,2018,9,,
26604,BIH,2019,6,,
26604,BIH,2020,5,,
26604,BIH,2021,7,,
26604,BIH,2022,11,,
26604,BIH,2023,21,,
26604,BLR,2002,0,,NIL
26604,BLR,2003,0,,NIL
26604,BLR,2004,0,,NIL
26604,BLR,2005,0,,NIL
26604,BLR,2006,0,,NIL
26604,BLR,2007,0,,NIL
26604,BLR,2008,2622,,
26604,BLR,2009,2546,,
26604,BLR,2010,2543,,
26604,BLR,2011,2596,,
26604,BLR,2012,2567,,
26604,BLR,2013,2061,,
26604,BLR,2014,2128,,
26604,BLR,2015,1953,,
26604,BLR,2016,1578,,
26604,BLR,2017,1647,,
26604,BLR,2018,1952,,
26604,BLR,2019,1796,,
26604,BLR,2020,1912,,
26604,BLR,2021,1902,,
26604,BLR,2022,1756,,
26604,BLR,2023,1804,,
26604,BLR,2024,1901,,
26604,BLZ,2022,0,,NIL
26604,BLZ,2023,0,,NIL
26604,BLZ,2024,0,,NIL
26604,BMU,2009,0,,NIL
26604,BMU,2010,0,,NIL
26604,BMU,2011,0,,NIL
26604,BMU,2012,0,,NIL
26604,BMU,2014,0,,NIL
26604,BMU,2015,0,,NIL
26604,BMU,2017,0,,NIL
26604,BMU,2018,0,,NIL
26604,BMU,2023,0,,NIL
26604,BRA,2002,4,,
26604,BRA,2003,2,,
26604,BRA,2004,4,,
26604,BRA,2009,40,,
26604,BRA,2010,33,,
26604,BRA,2011,36,,
26604,BRA,2012,36,,
26604,BRA,2014,47,,
26604,BRA,2015,38,,
26604,BRA,2016,34,,
26604,BRA,2017,36,,
26604,BRA,2018,45,,
26604,BRA,2019,44,,
26604,BRA,2020,47,,
26604,BRA,2021,52,,
26604,BRA,2022,56,,
26604,BRA,2023,58,,
26604,BRA,2024,61,,
26604,BRB,2001,0,,NIL
26604,BRB,2007,0,,NIL
26604,BRB,2009,1,,
26604,BRB,2010,1,,
26604,BRB,2011,1,,
26604,BRN,2000,0,,NIL
26604,BRN,2001,0,,NIL
26604,BRN,2004,0,,NIL
26604,BRN,2005,0,,NIL
26604,BRN,2006,0,,NIL
26604,BRN,2007,0,,NIL
26604,BRN,2008,0,,NIL
26604,BRN,2009,0,,NIL
26604,BRN,2010,0,,NIL
26604,BRN,2011,0,,NIL
26604,BRN,2012,1,,
26604,BRN,2014,2,,
26604,BRN,2015,2,,
26604,BRN,2016,1,,
26604,BRN,2017,1,,
26604,BRN,2018,3,,
26604,BRN,2019,2,,
26604,BRN,2020,2,,
26604,BRN,2023,0,,NIL
26604,BTN,2007,0,,NIL
26604,BTN,2011,0,,NIL
26604,BTN,2021,0,,NIL
26604,BWA,2014,0,,NIL
26604,BWA,2015,0,,NIL
26604,BWA,2016,0,,NIL
26604,BWA,2017,0,,NIL
26604,BWA,2019,0,,NIL
26604,BWA,2020,0,,NIL
26604,BWA,2021,0,,NIL
26604,BWA,2022,0,,NIL
26604,BWA,2023,0,,NIL
26604,CAF,2006,0,,NIL
26604,CAN,2000,273,NAT_EST,
26604,CAN,2001,288,NAT_EST,
26604,CAN,2002,351,NAT_EST,
26604,CAN,2003,384,NAT_EST,
26604,CAN,2004,351,NAT_EST,
26604,CAN,2005,348,NAT_EST,
26604,CAN,2006,489,NAT_EST,
26604,CAN,2007,472,NAT_EST,
26604,CAN,2008,527,NAT_EST,
26604,CAN,2009,504,NAT_EST,
26604,CAN,2010,504,NAT_EST,
26604,CAN,2011,663,NAT_EST,
26604,CAN,2012,483,NAT_EST,
26604,CAN,2013,1140,NAT_EST,
26604,CAN,2014,1554,NAT_EST,
26604,CAN,2015,1647,NAT_EST,
26604,CAN,2016,1704,NAT_EST,
26604,CAN,2017,1497,,
26604,CAN,2018,1606.613647460938,,
26604,CAN,2019,1383,,
26604,CAN,2020,1473,,
26604,CAN,2021,1464,,
26604,CAN,2022,1527,,
26604,CAN,2023,1242,,
26604,CHE,2000,327,,
26604,CHE,2001,377,,
26604,CHE,2002,458,,
26604,CHE,2003,495,,
26604,CHE,2004,571,,
26604,CHE,2005,609,,
26604,CHE,2006,573,,
26604,CHE,2007,609,,
26604,CHE,2008,638,,
26604,CHE,2009,675,,
26604,CHE,2010,719,,
26604,CHE,2011,792,,
26604,CHE,2012,873,,
26604,CHE,2013,594,,
26604,CHE,2014,1021,,
26604,CHE,2015,1011,,
26604,CHE,2016,975,,
26604,CHE,2017,969,,
26604,CHE,2018,934,,
26604,CHE,2019,954,,
26604,CHE,2020,979,,
26604,CHE,2021,1026,,
26604,CHE,2022,1003,,
26604,CHE,2023,1025,,
26604,CHE,2024,1048,,
26604,CHL,2000,5,,
26604,CHL,2002,10,,
26604,CHL,2003,6,,
26604,CHL,2005,8,,
26604,CHL,2007,10,,
26604,CHL,2008,15,,
26604,CHL,2009,4,,
26604,CHL,2010,14,,
26604,CHL,2012,2,,
26604,CHL,2013,1,,
26604,CHL,2014,2,,
26604,CHL,2015,6,,
26604,CHL,2016,1,,
26604,CHL,2017,6,,
26604,CHL,2018,3,,
26604,CHL,2019,7,,
26604,CHL,2020,8,,
26604,CHL,2021,10,,
26604,CHL,2022,11,,
26604,CHL,2023,10,,
26604,CHL,2024,16,,
26604,CIV,2008,0,,NIL
26604,CIV,2009,0,NAT_EST,NIL
26604,CIV,2010,0,NAT_EST,NIL
26604,CIV,2011,0,,NIL
26604,CIV,2014,0,,NIL
26604,CIV,2015,0,,NIL
26604,CIV,2016,0,,NIL
26604,CIV,2017,1,,
26604,CIV,2019,1,,
26604,CIV,2020,1,,
26604,CIV,2021,1,,
26604,CIV,2022,0,,NIL
26604,CIV,2023,0,,NIL
26604,CIV,2024,0,,NIL
26604,CMR,2004,0,,NIL
26604,CMR,2007,0,,NIL
26604,CMR,2010,0,,NIL
26604,CMR,2016,0,,NIL
26604,CMR,2017,0,,NIL
26604,CMR,2018,0,,NIL
26604,CMR,2019,0,,NIL
26604,CMR,2020,0,,NIL
26604,CMR,2021,0,,NIL
26604,CMR,2022,0,,NIL
26604,CMR,2023,0,,NIL
26604,COD,2013,0,,NIL
26604,COD,2016,0,,NIL
26604,COD,2020,0,,NIL
26604,COG,2003,0,,NIL
26604,COG,2004,0,,NIL
26604,COG,2013,3,,
26604,COK,2023,0,,NIL
26604,COK,2024,0,,NIL
26604,COL,2014,23,,
26604,COL,2015,22,,
26604,COL,2016,10,,
26604,COL,2017,10,,
26604,COL,2018,11,,
26604,COL,2019,10,,
26604,COL,2020,5,,
26604,COL,2021,9,,
26604,COL,2022,7,,
26604,COM,2009,0,,NIL
26604,COM,2010,0,,NIL
26604,COM,2011,0,,NIL
26604,COM,2012,0,,NIL
26604,COM,2014,0,,NIL
26604,CPV,2011,0,,NIL
26604,CPV,2012,0,,NIL
26604,CPV,2013,0,,NIL
26604,CPV,2014,0,,NIL
26604,CPV,2015,0,,NIL
26604,CPV,2016,0,,NIL
26604,CPV,2017,0,,NIL
26604,CPV,2018,0,,NIL
26604,CRI,2004,3,,
26604,CRI,2008,10,,
26604,CRI,2017,3,,
26604,CRI,2018,5,,
26604,CUB,2000,1,,
26604,CUB,2001,1,,
26604,CUB,2002,1,,
26604,CUB,2004,0,,NIL
26604,CUB,2005,0,,NIL
26604,CUB,2006,0,,NIL
26604,CUB,2007,0,,NIL
26604,CUB,2009,0,,NIL
26604,CUB,2010,0,,NIL
26604,CUB,2011,0,,NIL
26604,CUB,2013,1,,
26604,CUB,2014,0,,NIL
26604,CUB,2015,0,,NIL
26604,CUB,2016,0,,NIL
26604,CUB,2017,1,,
26604,CUB,2018,1,,
26604,CUB,2019,1,,
26604,CUB,2020,6,,
26604,CUB,2021,1,,
26604,CUB,2023,1,,
26604,CUB,2024,0,,NIL
26604,CYM,2007,0,,NIL
26604,CYM,2008,0,,NIL
26604,CYP,2000,233,,
26604,CYP,2001,208,,
26604,CYP,2002,193,,
26604,CYP,2003,197,,
26604,CYP,2004,216,,
26604,CYP,2005,228,,
26604,CYP,2006,163,,
26604,CYP,2007,183,,
26604,CYP,2008,191,,
26604,CYP,2009,192,,
26604,CYP,2010,199,,
26604,CYP,2011,187,,
26604,CYP,2012,174,,
26604,CYP,2013,134,,
26604,CYP,2014,232,,
26604,CYP,2015,171,,
26604,CYP,2016,157,,
26604,CYP,2017,157,,
26604,CYP,2018,180,,
26604,CYP,2019,156,,
26604,CYP,2020,142,,
26604,CYP,2021,186,,
26604,CYP,2022,152,,
26604,CYP,2023,366,,
26604,CYP,2024,433,,
26604,CZE,2000,110,,
26604,CZE,2001,160,,
26604,CZE,2002,203,,
26604,CZE,2003,305,,
26604,CZE,2004,407,,
26604,CZE,2005,609,,
26604,CZE,2006,782,,
26604,CZE,2007,1088,,
26604,CZE,2008,1405,,
26604,CZE,2009,1768,,
26604,CZE,2010,2297,,
26604,CZE,2011,2588,,
26604,CZE,2012,2912,,
26604,CZE,2013,3455,,
26604,CZE,2014,4379,,
26604,CZE,2015,5305,,
26604,CZE,2016,5771,,
26604,CZE,2017,5979,,
26604,CZE,2018,5859,,
26604,CZE,2019,4372,,
26604,CZE,2020,6407,,
26604,CZE,2021,7710,,
26604,CZE,2022,8255,,
26604,CZE,2023,7781,,
26604,DEU,2013,9480,,
26604,DEU,2014,9668,,
26604,DEU,2015,9953,,
26604,DEU,2016,9711,,
26604,DEU,2017,9620,,
26604,DEU,2018,10121,,
26604,DEU,2019,9646,,
26604,DEU,2020,11055,,
26604,DEU,2021,11149,,
26604,DEU,2022,11369,,
26604,DEU,2023,11024,,
26604,DEU,2024,10974,,
26604,DJI,2000,0,,NIL
26604,DJI,2001,0,,NIL
26604,DJI,2002,0,,NIL
26604,DJI,2005,0,,NIL
26604,DJI,2006,0,,NIL
26604,DJI,2009,0,,NIL
26604,DJI,2011,0,,NIL
26604,DNK,2000,113,,
26604,DNK,2001,122,,
26604,DNK,2002,187,,
26604,DNK,2003,317,,
26604,DNK,2004,71,,
26604,DNK,2005,74,,
26604,DNK,2006,74,,
26604,DNK,2007,72,,
26604,DNK,2008,56,,
26604,DNK,2009,72,,
26604,DNK,2010,97,,
26604,DNK,2011,93,,
26604,DNK,2012,102,,
26604,DNK,2013,187,,
26604,DNK,2014,186,,
26604,DNK,2015,195,,
26604,DNK,2016,189,,
26604,DNK,2017,156,,
26604,DNK,2018,138,,
26604,DNK,2019,128,,
26604,DNK,2020,120,,
26604,DNK,2021,121,,
26604,DNK,2022,131,,
26604,DNK,2023,126,,
26604,DNK,2024,118,,
26604,DOM,2012,4,,
26604,DOM,2014,3,,
26604,DOM,2015,4,,
26604,DOM,2016,8,,
26604,DOM,2017,7,,
26604,DOM,2020,7,,
26604,DOM,2021,7,,
26604,DOM,2022,4,,
26604,DOM,2023,10,,
26604,DOM,2024,9,,
26604,DZA,2023,0,,NIL
26604,DZA,2024,0,,NIL
26604,ECU,2012,22,,
26604,ECU,2014,11,,
26604,ECU,2015,19,,
26604,ECU,2016,19,,
26604,ECU,2018,16,,
26604,ECU,2019,18,,
26604,ECU,2020,0,,NIL
26604,ECU,2022,0,,NIL
26604,ECU,2023,18,,
26604,EGY,2013,231,,
26604,EGY,2014,210,,
26604,EGY,2016,216,,
26604,EGY,2020,211,,
26604,EGY,2024,143,,
26604,ERI,2000,0,,NIL
26604,ESP,2000,93,,
26604,ESP,2001,112,,
26604,ESP,2002,148,,
26604,ESP,2003,218,,
26604,ESP,2004,61,,
26604,ESP,2005,77,,
26604,ESP,2006,135,,
26604,ESP,2007,136,,
26604,ESP,2008,329,,
26604,ESP,2009,485,,
26604,ESP,2010,643,,
26604,ESP,2011,665,,
26604,ESP,2012,718,,
26604,ESP,2013,733,,
26604,ESP,2016,485,,
26604,ESP,2017,597,,
26604,ESP,2018,655,,
26604,ESP,2019,682,,
26604,ESP,2020,670,,
26604,ESP,2021,678,,
26604,ESP,2022,717,,
26604,ESP,2023,781,,
26604,ESP,2024,798,,
26604,EST,2000,119,,
26604,EST,2001,48,,
26604,EST,2002,106,,
26604,EST,2003,101,,
26604,EST,2004,99,,
26604,EST,2005,79,,
26604,EST,2006,79,,
26604,EST,2007,93,,
26604,EST,2008,51,,
26604,EST,2009,57,,
26604,EST,2010,0,,NIL
26604,EST,2011,149,,
26604,EST,2012,127,,
26604,EST,2013,168,,
26604,EST,2014,187,,
26604,EST,2015,230,,
26604,EST,2016,255,,
26604,EST,2017,287.5,,
26604,EST,2018,303,,
26604,EST,2019,396,,
26604,EST,2020,468,,
26604,EST,2021,485,,
26604,EST,2022,541,,
26604,EST,2023,451,,
26604,EST,2024,313,,
26604,FIN,2000,656,,
26604,FIN,2001,764,,
26604,FIN,2002,911,,
26604,FIN,2003,1079,,
26604,FIN,2004,1140,,
26604,FIN,2005,1127,,
26604,FIN,2007,1182,,
26604,FIN,2008,1291,,
26604,FIN,2009,1378,,
26604,FIN,2010,1595,,
26604,FIN,2011,1776,,
26604,FIN,2012,2107,,
26604,FIN,2013,2206,,
26604,FIN,2014,2555,,
26604,FIN,2015,2799,,
26604,FIN,2016,2799,,
26604,FIN,2017,2733,,
26604,FIN,2018,2344,,
26604,FIN,2019,2017,,
26604,FIN,2020,1728,,
26604,FIN,2021,1996,,
26604,FIN,2022,2039,,
26604,FIN,2023,2026,,
26604,FIN,2024,2066,,
26604,FJI,2004,0,,NIL
26604,FJI,2008,0,,NIL
26604,FRA,2000,1453,,
26604,FRA,2001,1658,,
26604,FRA,2002,1924,,
26604,FRA,2003,2537,,
26604,FRA,2004,2597,,
26604,FRA,2005,2672,,
26604,FRA,2006,3083,,
26604,FRA,2007,3219,,
26604,FRA,2008,3347,,
26604,FRA,2009,3593,,
26604,FRA,2010,3822,,
26604,FRA,2011,4193,,
26604,FRA,2012,4300,,
26604,FRA,2013,3643,,
26604,FRA,2014,3599,,
26604,FRA,2015,3648,,
26604,FRA,2016,3555,,
26604,FRA,2017,3691,,
26604,FRA,2018,2945,,
26604,FRA,2019,2785,,
26604,FRA,2020,2751,,
26604,FRA,2021,2752,,
26604,FRA,2022,2685.08251953125,,
26604,FRA,2023,3001.464599609375,,
26604,FRA,2024,3158.7265625,,
26604,GBR,2000,1058,,
26604,GBR,2001,1370,,
26604,GBR,2002,1461,,
26604,GBR,2003,1601,,
26604,GBR,2004,1878,,
26604,GBR,2005,2027,,
26604,GBR,2006,2187,,
26604,GBR,2007,2580,,
26604,GBR,2008,2646,,
26604,GBR,2009,2953,,
26604,GBR,2010,3159,,
26604,GBR,2011,3303,,
26604,GBR,2012,3574,,
26604,GBR,2013,3604,,
26604,GBR,2014,3933,,
26604,GBR,2015,4092,,
26604,GBR,2016,3974,,
26604,GBR,2017,3920,,
26604,GBR,2018,3752,,
26604,GBR,2019,3640,,
26604,GBR,2020,3376,,
26604,GBR,2021,3357,,
26604,GBR,2022,3331,,
26604,GBR,2023,3028,,
26604,GEO,2000,0,,NIL
26604,GEO,2001,0,,NIL
26604,GEO,2002,0,,NIL
26604,GEO,2003,0,,NIL
26604,GEO,2004,3,,
26604,GEO,2005,3,,
26604,GEO,2006,16,,
26604,GEO,2007,28,,
26604,GEO,2008,37,,
26604,GEO,2009,84,,
26604,GEO,2010,77,,
26604,GEO,2011,337,,
26604,GEO,2012,125,,
26604,GEO,2013,167,,
26604,GEO,2015,157,,
26604,GEO,2016,254,,
26604,GEO,2017,248,,
26604,GEO,2018,257,,
26604,GEO,2019,306,,
26604,GEO,2020,312,,
26604,GEO,2021,367,,
26604,GEO,2022,323,,
26604,GEO,2023,460,,
26604,GEO,2025,653,,
26604,GHA,2012,0,,NIL
26604,GHA,2013,0,,NIL
26604,GHA,2014,0,,NIL
26604,GHA,2015,2,,
26604,GHA,2016,0,,NIL
26604,GHA,2017,1,,
26604,GHA,2018,0,,NIL
26604,GHA,2019,0,,NIL
26604,GHA,2020,0,,NIL
26604,GHA,2021,0,,NIL
26604,GHA,2022,0,,NIL
26604,GHA,2023,1,,
26604,GHA,2024,0,,NIL
26604,GIN,2008,0,,NIL
26604,GIN,2017,0,,NIL
26604,GIN,2022,0,,NIL
26604,GIN,2023,0,,NIL
26604,GMB,2000,0,,NIL
26604,GRC,2002,76,,
26604,GRC,2003,101,,
26604,GRC,2004,136,,
26604,GRC,2005,151,,
26604,GRC,2006,211,,
26604,GRC,2007,299,,
26604,GRC,2010,385,,
26604,GRC,2011,433,,
26604,GRC,2012,465,,
26604,GRC,2016,547,,
26604,GRC,2017,438,,
26604,GRC,2018,464,,
26604,GRC,2019,466,,
26604,GRC,2020,405,,
26604,GRC,2021,504,,
26604,GRC,2022,620,,
26604,GRC,2023,583,,
26604,GRD,2009,3,,
26604,GRD,2015,5,,
26604,GRD,2016,5,,
26604,GRD,2017,10,,
26604,GRD,2018,10,,
26604,GTM,2019,0,,NIL
26604,GTM,2023,2,,
26604,GUY,2010,1,,
26604,HKG,2001,0,,NIL
26604,HKG,2002,0,,NIL
26604,HKG,2003,0,,NIL
26604,HKG,2004,0,,NIL
26604,HKG,2005,0,,NIL
26604,HKG,2006,0,,NIL
26604,HKG,2007,0,,NIL
26604,HKG,2008,0,,NIL
26604,HKG,2009,0,,NIL
26604,HKG,2010,3,,
26604,HKG,2011,7,,
26604,HKG,2012,13,,
26604,HKG,2013,21,,
26604,HKG,2014,24,,
26604,HKG,2015,32,,
26604,HKG,2016,39,,
26604,HKG,2017,46.00099945068359,,
26604,HKG,2018,52.00099945068359,,
26604,HKG,2019,53,,
26604,HKG,2020,54,,
26604,HKG,2021,60,,
26604,HKG,2022,61,,
26604,HKG,2023,63,,
26604,HKG,2024,77,,
26604,HND,2003,0,,NIL
26604,HND,2010,0,,NIL
26604,HND,2012,0,,NIL
26604,HND,2014,0,,NIL
26604,HND,2015,0,,NIL
26604,HND,2016,0,,NIL
26604,HND,2017,0,,NIL
26604,HND,2018,0,,NIL
26604,HND,2019,1,,
26604,HND,2024,0,,NIL
26604,HRV,2001,1,,
26604,HRV,2002,3,,
26604,HRV,2003,1,,
26604,HRV,2005,0,,NIL
26604,HRV,2006,2,,
26604,HRV,2007,0,,NIL
26604,HRV,2008,1,,
26604,HRV,2009,3,,
26604,HRV,2010,1,,
26604,HRV,2011,2,,
26604,HRV,2012,3,,
26604,HRV,2013,1,,
26604,HRV,2014,8,,
26604,HRV,2015,3,,
26604,HRV,2016,7,,
26604,HRV,2017,29,,
26604,HRV,2018,30,,
26604,HRV,2019,40,,
26604,HRV,2020,29,,
26604,HRV,2021,19,,
26604,HRV,2022,28,,
26604,HRV,2023,23,,
26604,HUN,2001,207,,
26604,HUN,2002,217,,
26604,HUN,2003,229,,
26604,HUN,2004,231,,
26604,HUN,2005,212,,
26604,HUN,2006,238,,
26604,HUN,2007,208,,
26604,HUN,2008,204,,
26604,HUN,2009,150,,
26604,HUN,2010,127,,
26604,HUN,2011,110,,
26604,HUN,2012,80,,
26604,HUN,2013,199,,
26604,HUN,2014,173,,
26604,HUN,2015,135,,
26604,HUN,2016,187,,
26604,HUN,2017,277,,
26604,HUN,2018,391,,
26604,HUN,2019,492,,
26604,HUN,2020,552,,
26604,HUN,2021,544,,
26604,HUN,2022,556,,
26604,HUN,2023,562,,
26604,HUN,2024,726,,
26604,IDN,2005,0,,NIL
26604,IDN,2006,0,,NIL
26604,IDN,2007,0,,NIL
26604,IDN,2008,0,,NIL
26604,IDN,2015,11,,
26604,IDN,2016,11,,
26604,IDN,2017,11,,
26604,IDN,2018,10,,
26604,IND,2000,10,,
26604,IND,2001,12,,
26604,IND,2002,10,,
26604,IND,2003,7,,
26604,IND,2004,5,,
26604,IND,2005,6,,
26604,IND,2006,6,,
26604,IND,2011,27,,
26604,IND,2012,18,,
26604,IND,2013,32,,
26604,IND,2014,27,,
26604,IND,2015,43,,
26604,IND,2016,29,,
26604,IND,2017,33,,
26604,IND,2018,35,,
26604,IND,2019,43,,
26604,IND,2020,36,,
26604,IND,2021,26,,
26604,IND,2022,23,,
26604,IND,2023,23,,
26604,IRL,2000,33,,
26604,IRL,2001,55,,
26604,IRL,2002,56,,
26604,IRL,2003,68,,
26604,IRL,2004,80,,
26604,IRL,2005,122,,
26604,IRL,2006,101,,
26604,IRL,2007,70,,
26604,IRL,2008,75,,
26604,IRL,2009,83,,
26604,IRL,2010,31,,
26604,IRL,2011,74,,
26604,IRL,2012,58,,
26604,IRL,2013,59,,
26604,IRL,2014,59,,
26604,IRL,2015,87,,
26604,IRL,2016,89,,
26604,IRL,2017,87,,
26604,IRL,2018,104,,
26604,IRL,2019,106,,
26604,IRL,2020,107,,
26604,IRL,2021,130,,
26604,IRL,2022,145,,
26604,IRN,2003,0,,NIL
26604,IRN,2004,19,,
26604,IRN,2005,4,,
26604,IRN,2006,6,,
26604,IRN,2007,3,,
26604,IRN,2008,2,,
26604,IRN,2009,0,,NIL
26604,IRN,2010,0,,NIL
26604,IRN,2011,15,,
26604,IRN,2012,7,,
26604,IRN,2013,12,,
26604,IRN,2014,4,,
26604,IRN,2015,2,,
26604,IRN,2016,6,,
26604,IRN,2017,9,,
26604,IRN,2018,14,,
26604,IRN,2019,26,,
26604,IRN,2020,42,,
26604,IRN,2021,78,,
26604,IRN,2022,93,,
26604,ISL,2000,10,,
26604,ISL,2001,12,,
26604,ISL,2002,11,,
26604,ISL,2003,21,,
26604,ISL,2004,30,,
26604,ISL,2006,20,,
26604,ISL,2007,25,,
26604,ISL,2008,20,,
26604,ISL,2009,19,,
26604,ISL,2010,12,,
26604,ISL,2011,19,,
26604,ISL,2012,30,,
26604,ISL,2013,27,,
26604,ISL,2014,43,,
26604,ISL,2016,37,,
26604,ISL,2017,27,,
26604,ISL,2018,34,,
26604,ISL,2019,36,,
26604,ISL,2020,48,,
26604,ISL,2021,45,,
26604,ISL,2022,42,,
26604,ISL,2023,44,,
26604,ISR,2010,21,UIS_EST,
26604,ISR,2011,35,,
26604,ISR,2012,27,,
26604,ISR,2013,867,,
26604,ISR,2014,750,,
26604,ITA,2000,118,,
26604,ITA,2001,200,,
26604,ITA,2002,237,,
26604,ITA,2003,369,,
26604,ITA,2004,512,,
26604,ITA,2005,600,,
26604,ITA,2006,793,,
26604,ITA,2007,930,,
26604,ITA,2008,949,,
26604,ITA,2009,1144,,
26604,ITA,2010,1132,,
26604,ITA,2011,1515,,
26604,ITA,2012,1737,,
26604,ITA,2013,2103,,
26604,ITA,2014,2019,,
26604,ITA,2015,2178,,
26604,ITA,2016,2210,,
26604,ITA,2017,2303,,
26604,ITA,2018,2493,,
26604,ITA,2019,1052,,
26604,ITA,2020,1554,,
26604,ITA,2021,1908,,
26604,ITA,2022,2489,,
26604,ITA,2023,3047,,
26604,JAM,2000,0,,NIL
26604,JOR,2000,39,,
26604,JOR,2003,42,,
26604,JOR,2004,39,,
26604,JOR,2005,50,,
26604,JOR,2006,62,,
26604,JOR,2007,37,,
26604,JOR,2008,0,,NIL
26604,JOR,2009,0,,NIL
26604,JOR,2010,36,,
26604,JOR,2011,0,,NIL
26604,JOR,2012,37,,
26604,JOR,2015,55,,
26604,JOR,2016,81,,
26604,JOR,2017,61,,
26604,JOR,2018,71,,
26604,JOR,2019,64,,
26604,JOR,2020,81,,
26604,JOR,2021,100,,
26604,JOR,2022,85,,
26604,JOR,2023,85,,
26604,JOR,2024,72,,
26604,JPN,2013,332,,
26604,JPN,2014,336,,
26604,JPN,2015,359,,
26604,JPN,2016,398,,
26604,JPN,2017,463,,
26604,JPN,2018,489,,
26604,JPN,2019,521,,
26604,JPN,2020,514,,
26604,JPN,2021,457,,
26604,JPN,2022,483,,
26604,JPN,2023,591,,
26604,KAZ,2000,728,,
26604,KAZ,2001,866,,
26604,KAZ,2003,1659,,
26604,KAZ,2004,2177,,
26604,KAZ,2005,2516,,
26604,KAZ,2006,2880,,
26604,KAZ,2007,2857,,
26604,KAZ,2008,1914,,
26604,KAZ,2009,2074,,
26604,KAZ,2010,3600,,
26604,KAZ,2011,3373,,
26604,KAZ,2012,1993,,
26604,KAZ,2013,1315,,
26604,KAZ,2014,1202,,
26604,KAZ,2015,1270,,
26604,KAZ,2016,1097,,
26604,KAZ,2017,1136,,
26604,KAZ,2018,1234,,
26604,KAZ,2019,1511,,
26604,KAZ,2020,1487,,
26604,KAZ,2024,2123,,
26604,KEN,2017,0,,NIL
26604,KEN,2019,0,,NIL
26604,KGZ,2001,814,,
26604,KGZ,2002,245,,
26604,KGZ,2003,371,,
26604,KGZ,2004,277,,
26604,KGZ,2005,362,,
26604,KGZ,2006,356,,
26604,KGZ,2007,399,,
26604,KGZ,2008,649,,
26604,KGZ,2009,748,,
26604,KGZ,2010,842,,
26604,KGZ,2011,818,,
26604,KGZ,2012,847,,
26604,KGZ,2013,927,,
26604,KGZ,2014,1302,,
26604,KGZ,2015,1377,,
26604,KGZ,2016,1186,,
26604,KGZ,2017,910,,
26604,KGZ,2018,1535,,
26604,KGZ,2019,1622,,
26604,KGZ,2020,1844,,
26604,KGZ,2021,2005,,
26604,KGZ,2022,1672,,
26604,KGZ,2023,2474,,
26604,KGZ,2024,2623,,
26604,KHM,2001,0,,NIL
26604,KHM,2002,0,,NIL
26604,KHM,2006,0,,NIL
26604,KHM,2021,0,,NIL
26604,KIR,2024,0,,NIL
26604,KNA,2014,0,,NIL
26604,KOR,2000,77,,
26604,KOR,2001,65,,
26604,KOR,2002,100,,
26604,KOR,2003,153,,
26604,KOR,2004,166,,
26604,KOR,2005,185,,
26604,KOR,2006,254,,
26604,KOR,2007,243,,
26604,KOR,2008,248,,
26604,KOR,2009,252,,
26604,KOR,2010,346,,
26604,KOR,2011,340,,
26604,KOR,2012,330,,
26604,KOR,2013,314,,
26604,KOR,2014,320,,
26604,KOR,2015,349,,
26604,KOR,2016,420,,
26604,KOR,2017,443,,
26604,KOR,2018,473,,
26604,KOR,2019,481,,
26604,KOR,2020,505,,
26604,KOR,2021,614,,
26604,KOR,2022,787,,
26604,KOR,2023,1015,,
26604,KOR,2024,1351,,
26604,KWT,2008,5,,
26604,KWT,2009,2,,
26604,LAO,2001,0,,NIL
26604,LAO,2002,0,,NIL
26604,LAO,2003,0,,NIL
26604,LAO,2004,0,,NIL
26604,LAO,2005,0,,NIL
26604,LAO,2006,0,,NIL
26604,LAO,2007,0,,NIL
26604,LAO,2008,0,,NIL
26604,LAO,2009,1,,
26604,LAO,2010,1,,
26604,LAO,2011,1,,
26604,LAO,2012,2,,
26604,LAO,2013,0,,NIL
26604,LAO,2014,1,,
26604,LAO,2015,0,,NIL
26604,LAO,2016,0,,NIL
26604,LAO,2017,1,,
26604,LAO,2018,0,,NIL
26604,LAO,2019,0,,NIL
26604,LAO,2020,0,,NIL
26604,LCA,2006,0,,NIL
26604,LCA,2007,0,,NIL
26604,LCA,2008,0,,NIL
26604,LCA,2009,0,,NIL
26604,LCA,2010,0,,NIL
26604,LCA,2011,0,,NIL
26604,LCA,2012,0,,NIL
26604,LCA,2013,0,,NIL
26604,LCA,2014,0,,NIL
26604,LCA,2015,0,,NIL
26604,LCA,2016,0,,NIL
26604,LCA,2017,0,,NIL
26604,LCA,2018,0,,NIL
26604,LCA,2019,0,,NIL
26604,LCA,2020,0,,NIL
26604,LCA,2022,0,,NIL
26604,LCA,2023,0,,NIL
26604,LIE,2004,3,,
26604,LIE,2006,1,,
26604,LIE,2007,0,,NIL
26604,LIE,2008,1,,
26604,LIE,2009,1,,
26604,LIE,2010,1,,
26604,LIE,2011,0,,NIL
26604,LIE,2012,3,,
26604,LIE,2014,7,,
26604,LIE,2015,4,,
26604,LIE,2016,3,,
26604,LIE,2017,6,,
26604,LIE,2018,5,,
26604,LIE,2019,6,,
26604,LIE,2020,4,,
26604,LIE,2021,3,,
26604,LKA,2013,0,,NIL
26604,LKA,2014,0,,NIL
26604,LKA,2015,0,,NIL
26604,LKA,2016,0,,NIL
26604,LKA,2017,0,,NIL
26604,LKA,2018,0,,NIL
26604,LKA,2019,1,,
26604,LKA,2020,0,,NIL
26604,LKA,2021,0,,NIL
26604,LKA,2022,0,,NIL
26604,LKA,2023,0,,NIL
26604,LSO,2003,0,,NIL
26604,LSO,2006,0,,NIL
26604,LSO,2012,0,,NIL
26604,LSO,2013,0,,NIL
26604,LSO,2014,0,,NIL
26604,LSO,2015,0,,NIL
26604,LSO,2017,0,,NIL
26604,LSO,2018,0,,NIL
26604,LTU,2000,41,,
26604,LTU,2001,34,,
26604,LTU,2002,35,,
26604,LTU,2003,37,,
26604,LTU,2004,28,,
26604,LTU,2005,32,,
26604,LTU,2006,31,,
26604,LTU,2007,41,,
26604,LTU,2008,42,,
26604,LTU,2009,48,,
26604,LTU,2010,60,,
26604,LTU,2011,76,,
26604,LTU,2012,135,,
26604,LTU,2013,236,,
26604,LTU,2014,229,,
26604,LTU,2015,182,,
26604,LTU,2016,160,,
26604,LTU,2017,191,,
26604,LTU,2018,179,,
26604,LTU,2019,0,,NIL
26604,LTU,2020,176,,
26604,LTU,2021,265,,
26604,LTU,2022,317,,
26604,LTU,2023,375,,
26604,LTU,2024,393,,
26604,LUX,2006,7,,
26604,LUX,2008,19,,
26604,LUX,2010,26,,
26604,LUX,2012,6,,
26604,LUX,2013,36,,
26604,LUX,2014,45,,
26604,LUX,2015,55,,
26604,LUX,2016,49,,
26604,LUX,2017,45,,
26604,LUX,2018,57,,
26604,LUX,2019,58,,
26604,LUX,2020,56,,
26604,LUX,2021,57,,
26604,LUX,2022,58,,
26604,LUX,2023,77,,
26604,LUX,2024,87,,
26604,LVA,2000,430,,
26604,LVA,2001,189,,
26604,LVA,2002,394,,
26604,LVA,2003,330,,
26604,LVA,2004,276,,
26604,LVA,2005,323,,
26604,LVA,2007,382,,
26604,LVA,2008,382,,
26604,LVA,2009,397,,
26604,LVA,2010,360,,
26604,LVA,2011,361,,
26604,LVA,2012,357,,
26604,LVA,2013,387,,
26604,LVA,2014,482,,
26604,LVA,2015,509,,
26604,LVA,2016,571,,
26604,LVA,2017,516,,
26604,LVA,2018,515,,
26604,LVA,2019,538,,
26604,LVA,2020,548,,
26604,LVA,2021,531,,
26604,LVA,2022,477,,
26604,LVA,2023,364,,
26604,LVA,2024,334,,
26604,MAC,2003,0,,NIL
26604,MAC,2004,1,,
26604,MAC,2005,0,,NIL
26604,MAC,2006,1,,
26604,MAC,2007,1,,
26604,MAC,2008,1,,
26604,MAC,2009,2,,
26604,MAC,2010,3,,
26604,MAC,2011,9,,
26604,MAC,2012,9,,
26604,MAC,2013,7,,
26604,MAC,2014,5,,
26604,MAC,2015,7,,
26604,MAC,2016,8,,
26604,MAC,2017,4,,
26604,MAC,2018,2,,
26604,MAC,2019,2,,
26604,MAC,2020,3,,
26604,MAC,2021,2,,
26604,MAC,2022,2,,
26604,MAC,2023,1,,
26604,MAC,2024,5,,
26604,MAR,2003,0,,NIL
26604,MAR,2004,0,,NIL
26604,MAR,2005,0,,NIL
26604,MAR,2006,0,,NIL
26604,MAR,2007,3,,
26604,MAR,2008,6,,
26604,MAR,2009,3,,
26604,MAR,2010,1,,
26604,MAR,2013,2,,
26604,MAR,2014,2,,
26604,MAR,2015,5,,
26604,MAR,2016,11,,
26604,MAR,2017,5,,
26604,MAR,2018,11,,
26604,MAR,2019,15,,
26604,MAR,2020,10,,
26604,MAR,2021,10,,
26604,MAR,2022,9,,
26604,MAR,2023,9,,
26604,MAR,2024,8,,
26604,MCO,2017,0,,NIL
26604,MCO,2020,12,,
26604,MCO,2021,12,,
26604,MCO,2022,10,,
26604,MCO,2023,10,,
26604,MCO,2024,13,,
26604,MDA,2001,43,,
26604,MDA,2002,60,,
26604,MDA,2003,71,,
26604,MDA,2004,137,,
26604,MDA,2005,0,,NIL
26604,MDA,2006,174,,
26604,MDA,2007,181,,
26604,MDA,2008,168,,
26604,MDA,2009,141,,
26604,MDA,2010,141,,
26604,MDA,2011,118,,
26604,MDA,2012,113,,
26604,MDA,2013,103,,
26604,MDA,2014,83,,
26604,MDA,2015,74,,
26604,MDA,2016,70,,
26604,MDA,2017,54,,
26604,MDA,2018,58,,
26604,MDA,2019,59,,
26604,MDA,2020,53,,
26604,MDA,2021,60,,
26604,MDA,2022,81,,
26604,MDA,2023,112,,
26604,MDA,2024,125,,
26604,MDG,2004,0,,NIL
26604,MDG,2005,0,,NIL
26604,MDG,2006,0,,NIL
26604,MDG,2007,0,,NIL
26604,MDG,2008,0,,NIL
26604,MDG,2013,0,,NIL
26604,MDG,2014,0,,NIL
26604,MDG,2015,0,,NIL
26604,MDG,2016,0,,NIL
26604,MDG,2017,0,,NIL
26604,MDG,2018,0,,NIL
26604,MDG,2019,0,,NIL
26604,MDG,2020,0,,NIL
26604,MDG,2023,0,,NIL
26604,MDV,2003,0,,NIL
26604,MEX,2001,0,,NIL
26604,MHL,2012,0,,NIL
26604,MHL,2019,0,,NIL
26604,MHL,2022,0,,NIL
26604,MKD,2000,0,,NIL
26604,MKD,2001,1,,
26604,MKD,2002,0,,NIL
26604,MKD,2003,0,,NIL
26604,MKD,2004,0,,NIL
26604,MKD,2005,0,,NIL
26604,MKD,2006,1,,
26604,MKD,2007,1,,
26604,MKD,2008,1,,
26604,MKD,2009,0,,NIL
26604,MKD,2011,0,,NIL
26604,MKD,2012,1,,
26604,MKD,2013,1,,
26604,MKD,2014,0,,NIL
26604,MKD,2015,1,,
26604,MKD,2017,5,,
26604,MKD,2018,1,,
26604,MKD,2019,3,,
26604,MKD,2020,0,,NIL
26604,MKD,2021,0,,NIL
26604,MKD,2022,0,,NIL
26604,MKD,2023,0,,NIL
26604,MLI,2011,0,,NIL
26604,MLI,2012,0,,NIL
26604,MLI,2013,0,,NIL
26604,MLI,2014,0,,NIL
26604,MLI,2015,0,,NIL
26604,MLT,2000,1,,
26604,MLT,2001,54,,
26604,MLT,2002,39,,
26604,MLT,2003,57,,
26604,MLT,2004,45,,
26604,MLT,2005,0,,NIL
26604,MLT,2006,42,,
26604,MLT,2008,35,,
26604,MLT,2009,38,,
26604,MLT,2011,25,,
26604,MLT,2012,29,,
26604,MLT,2013,34,,
26604,MLT,2014,40,,
26604,MLT,2015,34,,
26604,MLT,2016,33,,
26604,MLT,2017,32,,
26604,MLT,2018,29,,
26604,MLT,2019,30,,
26604,MLT,2020,27.96923065185547,,
26604,MLT,2021,26,,
26604,MLT,2022,32,,
26604,MLT,2023,40,,
26604,MMR,2007,0,,NIL
26604,MMR,2011,0,,NIL
26604,MMR,2018,0,,NIL
26604,MNG,2000,94,,
26604,MNG,2001,87,,
26604,MNG,2003,47,,
26604,MNG,2004,162,,
26604,MNG,2005,429,,
26604,MNG,2006,623,,
26604,MNG,2007,553,,
26604,MNG,2008,519,,
26604,MNG,2009,454,,
26604,MNG,2010,411,,
26604,MNG,2011,395,,
26604,MNG,2012,372,,
26604,MNG,2013,287,,
26604,MNG,2014,250,,
26604,MNG,2015,254,,
26604,MNG,2016,206,,
26604,MNG,2017,182,,
26604,MNG,2018,180,,
26604,MNG,2019,236,,
26604,MNG,2022,183,,
26604,MNG,2023,278,,
26604,MNG,2024,310,,
26604,MOZ,2011,0,,NIL
26604,MOZ,2013,2,,
26604,MOZ,2014,4,,
26604,MOZ,2016,4,,
26604,MOZ,2017,0,,NIL
26604,MOZ,2018,2,,
26604,MRT,2003,0,,NIL
26604,MRT,2015,0,,NIL
26604,MRT,2016,0,,NIL
26604,MRT,2017,0,,NIL
26604,MRT,2019,0,,NIL
26604,MRT,2020,0,,NIL
26604,MUS,2004,0,,NIL
26604,MUS,2006,0,,NIL
26604,MUS,2010,0,,NIL
26604,MUS,2011,1,,
26604,MUS,2012,1,,
26604,MUS,2013,2,,
26604,MUS,2014,1,,
26604,MUS,2015,1,,
26604,MUS,2016,2,,
26604,MUS,2017,1,,
26604,MUS,2020,0,,NIL
26604,MUS,2021,0,,NIL
26604,MUS,2022,2,,
26604,MYS,2000,32,,
26604,MYS,2001,4,,
26604,MYS,2002,25,,
26604,MYS,2003,34,,
26604,MYS,2004,31,,
26604,MYS,2006,33,,
26604,MYS,2007,34,,
26604,MYS,2008,45,,
26604,MYS,2009,42,,
26604,MYS,2010,56,,
26604,MYS,2011,76,,
26604,MYS,2012,89,,
26604,MYS,2014,168,,
26604,MYS,2015,132,,
26604,MYS,2016,154,,
26604,MYS,2017,144,,
26604,MYS,2019,14,,
26604,MYS,2020,17,,
26604,MYS,2021,67,,
26604,MYS,2022,70,,
26604,MYS,2023,117,,
26604,MYS,2024,220,,
26604,NAM,2002,0,,NIL
26604,NAM,2003,0,,NIL
26604,NAM,2005,0,,NIL
26604,NAM,2006,0,,NIL
26604,NAM,2008,0,,NIL
26604,NAM,2012,0,,NIL
26604,NAM,2013,1,,
26604,NAM,2014,0,,NIL
26604,NAM,2015,0,,NIL
26604,NAM,2016,0,,NIL
26604,NAM,2017,0,,NIL
26604,NAM,2018,1,,
26604,NAM,2019,1,,
26604,NAM,2020,2,,
26604,NAM,2022,0,,NIL
26604,NER,2000,0,,NIL
26604,NER,2004,0,,NIL
26604,NER,2007,0,,NIL
26604,NER,2012,0,,NIL
26604,NER,2015,0,,NIL
26604,NER,2016,0,,NIL
26604,NER,2017,0,,NIL
26604,NER,2018,0,,NIL
26604,NER,2019,0,,NIL
26604,NIC,2023,4,,
26604,NLD,2000,175,,
26604,NLD,2001,227,,
26604,NLD,2002,255,,
26604,NLD,2003,271,,
26604,NLD,2004,170,,
26604,NLD,2005,291,,
26604,NLD,2006,237,,
26604,NLD,2007,184,,
26604,NLD,2008,211,,
26604,NLD,2009,199,,
26604,NLD,2010,199,,
26604,NLD,2011,336,,
26604,NLD,2012,556,,
26604,NLD,2013,616,,
26604,NLD,2014,668,,
26604,NLD,2015,794,,
26604,NLD,2016,879,,
26604,NLD,2017,882,,
26604,NLD,2018,947,,
26604,NLD,2019,877,,
26604,NOR,2000,339,,
26604,NOR,2001,335,,
26604,NOR,2002,458,,
26604,NOR,2003,544,,
26604,NOR,2004,674,,
26604,NOR,2005,750,,
26604,NOR,2006,772,,
26604,NOR,2007,798,,
26604,NOR,2008,868,,
26604,NOR,2009,943,,
26604,NOR,2010,894,,
26604,NOR,2011,1004,,
26604,NOR,2012,1061,,
26604,NOR,2013,624,,
26604,NOR,2014,608,,
26604,NOR,2015,548,,
26604,NOR,2016,516,,
26604,NOR,2017,369,,
26604,NOR,2018,481,,
26604,NOR,2019,227,,
26604,NOR,2020,306,,
26604,NOR,2021,272,,
26604,NOR,2022,285,,
26604,NOR,2023,251,,
26604,NOR,2024,242,,
26604,NPL,2009,0,,NIL
26604,NPL,2011,0,,NIL
26604,NZL,2000,20,,
26604,NZL,2001,29,,
26604,NZL,2002,58,,
26604,NZL,2003,101,,
26604,NZL,2004,174,,
26604,NZL,2005,203,,
26604,NZL,2007,272,,
26604,NZL,2008,299,,
26604,NZL,2009,284,,
26604,NZL,2010,312,,
26604,NZL,2011,338,,
26604,NZL,2012,336,,
26604,NZL,2013,324.7935791015625,,
26604,NZL,2014,311.8814086914063,,
26604,NZL,2015,319.6883544921875,,
26604,NZL,2016,314.7445678710938,,
26604,NZL,2017,342.4032592773438,,
26604,NZL,2018,393.2961120605469,,
26604,NZL,2019,338.2931823730469,,
26604,NZL,2020,268.898681640625,,
26604,NZL,2021,156.4780426025391,,
26604,NZL,2022,99,,
26604,NZL,2023,206.2333068847656,,
26604,NZL,2024,279.9284057617188,,
26604,OMN,2007,0,,NIL
26604,OMN,2008,0,,NIL
26604,OMN,2009,0,,NIL
26604,OMN,2010,0,,NIL
26604,OMN,2011,0,,NIL
26604,OMN,2013,1,,
26604,OMN,2014,0,,NIL
26604,OMN,2015,0,,NIL
26604,OMN,2016,1,,
26604,OMN,2017,3,,
26604,OMN,2018,3,,
26604,OMN,2019,3,,
26604,OMN,2020,3,,
26604,OMN,2021,5,,
26604,OMN,2023,1,,
26604,OMN,2024,3,,
26604,PAK,2003,0,,NIL
26604,PAN,2019,2,,
26604,PAN,2020,4,,
26604,PAN,2021,5,,
26604,PAN,2022,6,,
26604,PHL,2001,2,,
26604,PHL,2002,3,,
26604,PHL,2003,2,,
26604,PHL,2004,0,,NIL
26604,PHL,2005,1,,
26604,PHL,2006,0,,NIL
26604,PHL,2008,1,,
26604,PHL,2024,34,,
26604,POL,2000,262,,
26604,POL,2001,289,,
26604,POL,2002,291,,
26604,POL,2003,346,,
26604,POL,2004,381,,
26604,POL,2005,452,,
26604,POL,2006,456,,
26604,POL,2007,488,,
26604,POL,2008,459,,
26604,POL,2009,494,,
26604,POL,2010,543,,
26604,POL,2011,476,,
26604,POL,2012,553,,
26604,POL,2013,585,NAT_EST,
26604,POL,2014,754,NAT_EST,
26604,POL,2015,898,NAT_EST,
26604,POL,2016,977,NAT_EST,
26604,POL,2017,1042,NAT_EST,
26604,POL,2018,799,UIS_EST,
26604,POL,2019,792,,
26604,POL,2020,1038,,
26604,POL,2021,1431,,
26604,POL,2022,1570,,
26604,POL,2023,1305,,
26604,POL,2024,1118,,
26604,PRK,2009,20,,
26604,PRT,2000,10,,
26604,PRT,2002,18,,
26604,PRT,2003,28,,
26604,PRT,2004,37,,
26604,PRT,2005,55,,
26604,PRT,2006,65,,
26604,PRT,2007,85,,
26604,PRT,2008,60,,
26604,PRT,2009,50,,
26604,PRT,2010,55,,
26604,PRT,2011,83,,
26604,PRT,2012,111,,
26604,PRT,2013,106,,
26604,PRT,2014,81,,
26604,PRT,2015,90,,
26604,PRT,2016,82,,
26604,PRT,2017,99,,
26604,PRT,2018,88,,
26604,PRT,2019,95,,
26604,PRT,2020,129,,
26604,PRT,2021,130,,
26604,PRT,2022,140,,
26604,PRT,2023,211,,
26604,PSE,2004,0,,NIL
26604,PSE,2007,0,,NIL
26604,PSE,2008,0,,NIL
26604,PSE,2009,0,,NIL
26604,PSE,2010,0,,NIL
26604,PSE,2011,0,,NIL
26604,PSE,2012,0,,NIL
26604,PSE,2013,0,,NIL
26604,PSE,2014,0,,NIL
26604,PSE,2015,0,,NIL
26604,PSE,2016,0,,NIL
26604,PSE,2017,0,,NIL
26604,PSE,2018,0,,NIL
26604,PSE,2019,0,,NIL
26604,PSE,2020,0,,NIL
26604,PSE,2021,0,,NIL
26604,PSE,2022,0,,NIL
26604,PSE,2023,0,,NIL
26604,QAT,2002,2,,
26604,QAT,2003,0,,NIL
26604,QAT,2004,3,,
26604,QAT,2005,0,,NIL
26604,QAT,2008,5,,
26604,QAT,2009,4,,
26604,QAT,2010,6,,
26604,QAT,2011,9,,
26604,QAT,2012,4,,
26604,QAT,2013,5,,
26604,QAT,2014,6,,
26604,QAT,2015,8,,
26604,QAT,2016,4,,
26604,QAT,2017,8,,
26604,QAT,2018,5,,
26604,QAT,2019,8,,
26604,QAT,2020,12,,
26604,QAT,2021,16,,
26604,QAT,2022,16,,
26604,QAT,2023,25,,
26604,QAT,2024,26,,
26604,ROU,2000,25,,
26604,ROU,2001,19,,
26604,ROU,2002,12,,
26604,ROU,2003,9,,
26604,ROU,2004,9,,
26604,ROU,2005,16,,
26604,ROU,2006,16,,
26604,ROU,2007,14,,
26604,ROU,2008,2,,
26604,ROU,2009,14,,
26604,ROU,2010,15,,
26604,ROU,2011,11,,
26604,ROU,2013,25,,
26604,ROU,2014,22,,
26604,ROU,2015,15,,
26604,ROU,2016,25,,
26604,ROU,2017,35,,
26604,ROU,2018,30,,
26604,ROU,2019,27,,
26604,ROU,2020,36,,
26604,ROU,2021,44,,
26604,ROU,2022,46,,
26604,ROU,2023,58,,
26604,RUS,2001,0,,NIL
26604,RUS,2003,0,,NIL
26604,RUS,2006,0,,NIL
26604,RUS,2014,0,,NIL
26604,RUS,2018,0,,NIL
26604,RUS,2019,0,,NIL
26604,RWA,2012,2,,
26604,RWA,2013,0,,NIL
26604,RWA,2014,0,,NIL
26604,RWA,2015,0,,NIL
26604,RWA,2017,0,,NIL
26604,RWA,2018,0,,NIL
26604,RWA,2019,0,,NIL
26604,RWA,2020,0,,NIL
26604,RWA,2022,0,,NIL
26604,RWA,2023,0,,NIL
26604,RWA,2024,0,,NIL
26604,SAU,2003,120,,
26604,SAU,2004,148,,
26604,SAU,2005,116,,
26604,SAU,2006,0,,NIL
26604,SAU,2007,78,,
26604,SAU,2008,83,,
26604,SAU,2009,88,,
26604,SAU,2010,119,,
26604,SAU,2011,225,,
26604,SAU,2012,300,,
26604,SAU,2013,520,,
26604,SAU,2014,601,,
26604,SAU,2015,572,,
26604,SAU,2016,584,,
26604,SAU,2017,577,,
26604,SAU,2018,537,,
26604,SAU,2019,356,,
26604,SAU,2020,444,,
26604,SAU,2021,444,,
26604,SAU,2022,479,,
26604,SAU,2024,604,,
26604,SEN,2023,0,,NIL
26604,SEN,2024,2,,
26604,SLV,2001,1,,
26604,SLV,2003,0,,NIL
26604,SLV,2005,0,,NIL
26604,SLV,2006,1,,
26604,SLV,2007,0,,NIL
26604,SLV,2008,0,,NIL
26604,SLV,2009,0,,NIL
26604,SLV,2010,0,,NIL
26604,SLV,2011,0,,NIL
26604,SLV,2012,0,,NIL
26604,SLV,2013,0,,NIL
26604,SLV,2014,0,,NIL
26604,SLV,2015,0,,NIL
26604,SLV,2016,0,,NIL
26604,SLV,2017,0,,NIL
26604,SLV,2018,0,,NIL
26604,SLV,2019,0,,NIL
26604,SLV,2020,0,,NIL
26604,SLV,2021,0,,NIL
26604,SLV,2022,0,,NIL
26604,SLV,2023,0,,NIL
26604,SMR,2018,0,,NIL
26604,SMR,2019,0,,NIL
26604,SMR,2020,0,,NIL
26604,SMR,2021,0,,NIL
26604,SMR,2022,0,,NIL
26604,SMR,2023,0,,NIL
26604,SMR,2024,0,,NIL
26604,SRB,2007,10,,
26604,SRB,2008,18,,
26604,SRB,2009,20,,
26604,SRB,2010,26,,
26604,SRB,2011,22,,
26604,SRB,2012,24,,
26604,SRB,2013,24,,
26604,SRB,2014,26,,
26604,SRB,2015,93,,
26604,SRB,2016,93,,
26604,SRB,2017,120,,
26604,SRB,2018,123,,
26604,SRB,2019,130,,
26604,SRB,2020,140,,
26604,SRB,2021,130,,
26604,SRB,2022,131,,
26604,SRB,2023,189,,
26604,SRB,2024,342,,
26604,SUR,2021,0,,NIL
26604,SVK,2000,28,,
26604,SVK,2001,35,,
26604,SVK,2002,47,,
26604,SVK,2003,32,,
26604,SVK,2004,26,,
26604,SVK,2005,24,,
26604,SVK,2006,14,,
26604,SVK,2007,21,,
26604,SVK,2008,35,,
26604,SVK,2009,40,,
26604,SVK,2010,28,,
26604,SVK,2011,23,,
26604,SVK,2012,25,,
26604,SVK,2013,63,,
26604,SVK,2014,83,,
26604,SVK,2015,99,,
26604,SVK,2016,106,,
26604,SVK,2017,99,,
26604,SVK,2018,138,,
26604,SVK,2019,228,,
26604,SVK,2020,370,,
26604,SVK,2021,580,,
26604,SVK,2022,714,,
26604,SVK,2023,961,,
26604,SVK,2024,1253,,
26604,SVN,2000,10,,
26604,SVN,2001,7,,
26604,SVN,2002,16,,
26604,SVN,2003,17,,
26604,SVN,2004,9,,
26604,SVN,2005,10,,
26604,SVN,2006,11,,
26604,SVN,2007,14,,
26604,SVN,2008,19,,
26604,SVN,2009,28,,
26604,SVN,2010,23,,
26604,SVN,2011,25,,
26604,SVN,2012,37,,
26604,SVN,2013,38,,
26604,SVN,2014,40,,
26604,SVN,2015,47,,
26604,SVN,2016,56,,
26604,SVN,2017,90,,
26604,SVN,2018,111,,
26604,SVN,2019,160,,
26604,SVN,2020,192,,
26604,SVN,2021,227,,
26604,SVN,2022,235,,
26604,SVN,2023,356,,
26604,SWE,2000,462,,
26604,SWE,2001,524,,
26604,SWE,2002,584,,
26604,SWE,2003,643,,
26604,SWE,2004,54,,
26604,SWE,2005,67,,
26604,SWE,2006,37,,
26604,SWE,2007,65,,
26604,SWE,2008,255,,
26604,SWE,2009,385,,
26604,SWE,2010,471,,
26604,SWE,2011,643,,
26604,SWE,2012,512,,
26604,SWE,2013,420,,
26604,SWE,2014,390,,
26604,SWE,2015,364,,
26604,SWE,2016,357,,
26604,SWE,2017,340,,
26604,SWE,2018,334,,
26604,SWE,2019,303.0281677246094,,
26604,SWE,2020,288.8740234375,,
26604,SWE,2021,279.0863342285156,,
26604,SWE,2022,298.8550720214844,,
26604,SWE,2023,291.6416625976563,,
26604,SWE,2024,307.2713012695313,,
26604,SWZ,2000,0,,NIL
26604,SWZ,2006,0,,NIL
26604,SWZ,2011,0,,NIL
26604,SWZ,2013,0,,NIL
26604,SWZ,2014,0,,NIL
26604,SWZ,2015,0,,NIL
26604,SXM,2012,1,,
26604,SXM,2014,0,,NIL
26604,SXM,2015,0,,NIL
26604,SXM,2017,0,,NIL
26604,SYC,2011,0,,NIL
26604,SYC,2012,0,,NIL
26604,SYC,2013,0,,NIL
26604,SYC,2014,0,,NIL
26604,SYC,2015,0,,NIL
26604,SYC,2016,0,,NIL
26604,SYC,2017,0,,NIL
26604,SYC,2018,0,,NIL
26604,SYC,2019,0,,NIL
26604,SYC,2020,0,,NIL
26604,SYC,2021,0,,NIL
26604,SYC,2022,0,,NIL
26604,SYC,2023,0,,NIL
26604,SYC,2024,0,,NIL
26604,TCA,2020,0,,NIL
26604,TCA,2021,0,,NIL
26604,TCA,2022,0,,NIL
26604,TCD,2020,0,,NIL
26604,TGO,2021,0,,NIL
26604,THA,2001,15,,
26604,THA,2002,20,,
26604,THA,2004,14,,
26604,THA,2005,20,,
26604,THA,2006,24,,
26604,THA,2007,22,,
26604,THA,2008,30,,
26604,THA,2009,35,,
26604,THA,2010,47,,
26604,THA,2011,51,,
26604,THA,2012,61,,
26604,THA,2015,105,,
26604,THA,2016,149,,
26604,THA,2020,62,,
26604,THA,2022,110,,
26604,THA,2023,113,,
26604,THA,2024,177,,
26604,TJK,2000,161,,
26604,TJK,2001,101,,
26604,TJK,2002,1451,,
26604,TJK,2003,599,,
26604,TJK,2004,297,,
26604,TJK,2005,88,,
26604,TJK,2006,94,,
26604,TJK,2007,111,,
26604,TJK,2008,162,,
26604,TJK,2009,142,,
26604,TJK,2010,126,,
26604,TJK,2011,126,,
26604,TJK,2012,105,,
26604,TJK,2013,107,,
26604,TJK,2014,92,,
26604,TJK,2015,108,,
26604,TJK,2016,121,,
26604,TJK,2017,111,,
26604,TKL,2020,0,,NIL
26604,TKM,2014,1,,
26604,TKM,2019,1,,
26604,TKM,2020,1,,
26604,TKM,2021,1,,
26604,TON,2020,0,,NIL
26604,TTO,2000,0,,NIL
26604,TTO,2001,0,,NIL
26604,TTO,2002,0,,NIL
26604,TTO,2003,0,,NIL
26604,TTO,2004,0,,NIL
26604,TTO,2019,1,,
26604,TTO,2021,1,,
26604,TTO,2022,0,,NIL
26604,TTO,2023,0,,NIL
26604,TUN,2000,0,,NIL
26604,TUN,2001,0,,NIL
26604,TUN,2002,0,,NIL
26604,TUN,2013,7,,
26604,TUN,2015,0,,NIL
26604,TUN,2016,1,,
26604,TUN,2017,2,,
26604,TUN,2018,2,,
26604,TUN,2020,0,,NIL
26604,TUN,2021,0,,NIL
26604,TUN,2022,1,,
26604,TUN,2023,1,,
26604,TUR,2000,1004,,
26604,TUR,2001,924,,
26604,TUR,2002,846,,
26604,TUR,2003,720,,
26604,TUR,2004,662,,
26604,TUR,2005,625,,
26604,TUR,2006,604,,
26604,TUR,2007,556,,
26604,TUR,2008,524,,
26604,TUR,2009,491,,
26604,TUR,2010,495,,
26604,TUR,2011,516,,
26604,TUR,2012,567,,
26604,TUR,2013,60,,
26604,TUR,2014,931,,
26604,TUR,2015,1158,,
26604,TUR,2016,1275,,
26604,TUR,2017,1376,,
26604,TUR,2018,1431,,
26604,TUR,2019,1409,,
26604,TUR,2020,1439,,
26604,TUR,2021,1648,,
26604,TUR,2022,1711,,
26604,TUR,2023,3083,,
26604,TZA,2001,71,,
26604,TZA,2003,37,,
26604,TZA,2004,40,,
26604,TZA,2021,0,,NIL
26604,TZA,2022,0,,NIL
26604,TZA,2024,3,,
26604,UKR,2005,3673,,
26604,UKR,2006,4362,,
26604,UKR,2007,4534,,
26604,UKR,2008,4734,,
26604,UKR,2009,4717,,
26604,UKR,2010,3931,,
26604,UKR,2011,3453,,
26604,UKR,2012,2990,,
26604,UKR,2013,2878,,
26604,UKR,2014,2930,,
26604,UKR,2015,1814,,
26604,UKR,2016,1509,,
26604,UKR,2017,1114,,
26604,UKR,2018,783,,
26604,UKR,2019,657,,
26604,UKR,2020,623,,
26604,UKR,2021,1191,,
26604,UKR,2023,655,,
26604,UKR,2024,651,,
26604,USA,2005,5299,,
26604,USA,2013,4687.55126953125,,
26604,USA,2014,4885,,
26604,USA,2015,5203.39306640625,,
26604,USA,2016,5156.380859375,,
26604,USA,2017,5081.23046875,,
26604,USA,2018,5074.3916015625,,
26604,USA,2020,4901.38623046875,,
26604,USA,2021,4466.392578125,,
26604,USA,2023,4542.87548828125,,
26604,UZB,2006,16,,
26604,UZB,2007,30,,
26604,UZB,2008,56,,
26604,UZB,2009,60,,
26604,UZB,2010,64,,
26604,UZB,2011,52,,
26604,UZB,2012,87,,
26604,UZB,2013,108,,
26604,UZB,2014,115,,
26604,UZB,2015,129,,
26604,UZB,2016,134,,
26604,UZB,2017,133,,
26604,UZB,2018,174,,
26604,UZB,2019,220,,
26604,UZB,2021,442,,
26604,UZB,2022,572,,
26604,UZB,2023,648,,
26604,UZB,2024,750,,
26604,VEN,2002,0,,NIL
26604,VEN,2003,0,,NIL
26604,VEN,2004,0,,NIL
26604,VEN,2008,0,,NIL
26604,VGB,2009,0,,NIL
26604,VGB,2016,0,,NIL
26604,VGB,2020,0,,NIL
26604,VGB,2022,0,,NIL
26604,VGB,2024,0,,NIL
26604,VIR,2007,0,,NIL
26604,VNM,2000,7,,
26604,VNM,2001,8,,
26604,VNM,2002,13,,
26604,VNM,2003,0,,NIL
26604,VNM,2005,2,,
26604,VNM,2007,2,,
26604,VNM,2008,8,,
26604,VNM,2010,7,,
26604,VNM,2011,7,,
26604,VNM,2012,4,,
26604,VNM,2013,17,,
26604,VNM,2014,5,,
26604,VNM,2015,0,,NIL
26604,VNM,2016,2,,
26604,VNM,2017,2,,
26604,VNM,2019,7,,
26604,VNM,2020,12,,
26604,VNM,2021,22,,
26604,VNM,2022,22,,
26604,WSM,2017,0,,NIL
26604,WSM,2018,0,,NIL
26604,WSM,2019,0,,NIL
26604,WSM,2020,0,,NIL
26604,WSM,2021,0,,NIL
26604,WSM,2022,0,,NIL
26604,WSM,2023,0,,NIL
26604,WSM,2024,0,,NIL
26604,ZAF,2008,0,,NIL
26604,ZAF,2011,62,,
26604,ZAF,2012,23,,
26604,ZAF,2013,30,,
26604,ZAF,2014,26,,
26604,ZAF,2015,27,,
26604,ZAF,2016,31,,
26604,ZAF,2017,34,,
26604,ZAF,2018,34,,
26604,ZAF,2019,27,,
26604,ZAF,2020,20,,
26604,ZAF,2021,19,,
26604,ZAF,2022,13,,
26604,ZAF,2023,9,,
26604,ZWE,2009,0,,NIL
26604,ZWE,2010,0,,NIL
26604,ZWE,2011,0,,NIL
26604,ZWE,2012,0,,NIL
26604,ZWE,2015,0,,NIL